auc_train,acc_train,mcc_train,CK_train,Recall_train,Precision_train,F1_score_train
0.986746394,0.955641273,0.773879118,0.77,0.98579235,0.964705882,0.975135135
auc,acc,mcc,CK,Recall,Precision,F1_score
0.818048325,0.930769231,0.672365923,0.670561734,0.969162996,0.952380952,0.96069869
