auc_train,acc_train,mcc_train,CK_train,Recall_train,Precision_train,F1_score_train
0.999866205,0.992762364,0.966451411,0.965888985,0.991803279,1,0.995884774
auc,acc,mcc,CK,Recall,Precision,F1_score
0.905486584,0.946153846,0.745771398,0.743770238,0.977973568,0.961038961,0.969432314
