auc,acc,mcc,CK,Recall,Precision,F1_score,auc_train,acc_train,mcc_train,CK_train,Recall_train,Precision_train,F1_score_train
0.898945401,0.930769231,0.695909123,0.695510735,0.955947137,0.964444444,0.960176991,0.999785004,0.990356798,0.956107428,0.955145119,0.989071038,1,0.994505495
