auc_train,acc_train,mcc_train,CK_train,Recall_train,Precision_train,F1_score_train
0.970276807,0.93442623,0.728006406,0.71996124,0.943169399,0.981797497,0.962095875
auc,acc,mcc,CK,Recall,Precision,F1_score
0.885996529,0.884615385,0.584396166,0.568727192,0.898678414,0.966824645,0.931506849
