auc,acc,mcc,CK,Recall,Precision,F1_score,auc_train,acc_train,mcc_train,CK_train,Recall_train,Precision_train,F1_score_train
0.9452676545187558,0.9461538461538461,0.7413148666606276,0.7365754812563323,0.9823788546255506,0.9570815450643777,0.9695652173913044,0.9949923855594375,0.9932497589199615,0.9687627635234873,0.9682751266328979,0.9923497267759562,1.0,0.9961601755348327
