auc,acc,mcc,CK,Recall,Precision,F1_score,auc_train,acc_train,mcc_train,CK_train,Recall_train,Precision_train,F1_score_train
0.75,0.830769231,0.426401433,0.421052632,0.923076923,0.872727273,0.897196262,0.959132907,0.929961089,0.79203982,0.791827918,0.960199005,0.950738916,0.955445545
