auc,acc,mcc,CK,Recall,Precision,F1_score,auc_train,acc_train,mcc_train,CK_train,Recall_train,Precision_train,F1_score_train
0.6775147928994083,0.8153846153846154,0.38978972143455365,0.3877551020408164,0.9038461538461539,0.8703703703703703,0.8867924528301887,0.9923596304193318,0.9494163424124513,0.8480546087830844,0.8402734617775016,0.9950248756218906,0.9433962264150944,0.9685230024213075
