auc_train,acc_train,mcc_train,CK_train,Recall_train,Precision_train,F1_score_train
0.897120689,0.811884236,0.608948603,0.606644356,0.722882615,0.803468208,0.761048103
auc,acc,mcc,CK,Recall,Precision,F1_score
0.793618123,0.752767528,0.492706188,0.491186773,0.670454545,0.735202492,0.701337296
