auc_train,acc_train,mcc_train,CK_train,Recall_train,Precision_train,F1_score_train
0.999999695,0.999615089,0.999208076,0.999207762,1,0.999074931,0.999537251
auc,acc,mcc,CK,Recall,Precision,F1_score
0.809548166,0.757687577,0.503706591,0.502999178,0.690340909,0.734138973,0.711566618
