auc_train,acc_train,mcc_train,CK_train,Recall_train,Precision_train,F1_score_train
0.837721262,0.76385468,0.518781326,0.518005416,0.747399703,0.702023726,0.724001439
auc,acc,mcc,CK,Recall,Precision,F1_score
0.801302751,0.735547355,0.467304565,0.466253622,0.732954545,0.680738786,0.705882353
