auc_train,acc_train,mcc_train,CK_train,Recall_train,Precision_train,F1_score_train
0.804737681,0.746921182,0.477466164,0.477427568,0.687221397,0.697586727,0.692365269
auc,acc,mcc,CK,Recall,Precision,F1_score
0.775173782,0.720787208,0.429408576,0.429244306,0.661931818,0.683284457,0.672438672
