auc,acc,mcc,CK,Recall,Precision,F1_score,auc_train,acc_train,mcc_train,CK_train,Recall_train,Precision_train,F1_score_train
0.847253377,0.788437884,0.566575005,0.561172166,0.678977273,0.802013423,0.735384615,0.999999805,0.999692118,0.99936578,0.999365579,0.999257058,1,0.999628391
,,,,,,,0.847253377,0.788437884,0.566575005,0.561172166,0.678977273,0.802013423,0.735384615
