auc_train,acc_train,mcc_train,CK_train,Recall_train,Precision_train,F1_score_train
0.950528536,0.881157635,0.75554144,0.755511735,0.861812779,0.852941176,0.857354028
auc,acc,mcc,CK,Recall,Precision,F1_score
0.832632863,0.774907749,0.541730868,0.541729169,0.741477273,0.739376771,0.740425532
