auc,acc,mcc,CK,Recall,Precision,F1_score,auc_train,acc_train,mcc_train,CK_train,Recall_train,Precision_train,F1_score_train
0.8286240786240787,0.7592592592592593,0.5204656769514402,0.5185185185185186,0.7837837837837838,0.7160493827160493,0.7483870967741936,0.9120449808540546,0.8245341614906833,0.6470609852926683,0.6470325747434181,0.8060200668896321,0.8141891891891891,0.8100840336134454
