auc,acc,mcc,CK,Recall,Precision,F1_score,auc_train,acc_train,mcc_train,CK_train,Recall_train,Precision_train,F1_score_train
0.8295454545454546,0.7716049382716049,0.5452497568062706,0.5432098765432098,0.7972972972972973,0.7283950617283951,0.7612903225806451,0.9999924414210128,0.9980582524271845,0.9961156114387538,0.9961080672586435,1.0,0.9959349593495935,0.9979633401221996
