auc,acc,mcc,CK,Recall,Precision,F1_score,auc_train,acc_train,mcc_train,CK_train,Recall_train,Precision_train,F1_score_train
0.8395270270270271,0.7839506172839507,0.5780473841102556,0.570649704679691,0.8513513513513513,0.7241379310344828,0.782608695652174,0.9836411225825213,0.937888198757764,0.8758420410056532,0.8754171301446051,0.9498327759197325,0.919093851132686,0.9342105263157895
