auc,acc,mcc,CK,Recall,Precision,F1_score,auc_train,acc_train,mcc_train,CK_train,Recall_train,Precision_train,F1_score_train
0.8313882063882064,0.7901234567901234,0.6090235211539372,0.5868586858685868,0.918918918918919,0.7083333333333334,0.8000000000000002,0.9223450147835781,0.8136645962732919,0.6473725462019332,0.631336405529954,0.919732441471572,0.7412398921832885,0.8208955223880599
