auc,acc,mcc,CK,Recall,Precision,F1_score,auc_train,acc_train,mcc_train,CK_train,Recall_train,Precision_train,F1_score_train
0.8410626535626535,0.7777777777777778,0.5587552969521775,0.5560292326431182,0.8108108108108109,0.7317073170731707,0.7692307692307694,0.997028743153507,0.9891304347826086,0.9781492814407214,0.9781445138269402,0.9866220735785953,0.9899328859060402,0.9882747068676717
