auc_train,acc_train,mcc_train,CK_train,Recall_train,Precision_train,F1_score_train
0.990576003,0.994754471,0.631054907,0.596671991,0.452554745,0.885714286,0.599033816
auc,acc,mcc,CK,Recall,Precision,F1_score
0.915487897,0.994186047,0.634787424,0.607485505,0.473684211,0.857142857,0.610169492
