auc_train,acc_train,mcc_train,CK_train,Recall_train,Precision_train,F1_score_train
0.999973476,0.999620805,0.978608962,0.978380227,1,0.958041958,0.978571429
auc,acc,mcc,CK,Recall,Precision,F1_score
0.973049488,0.992416582,0.580431643,0.579518721,0.552631579,0.617647059,0.583333333
