auc_train,acc_train,mcc_train,CK_train,Recall_train,Precision_train,F1_score_train
0.98545032,0.982557037,0.499124399,0.443188541,0.824817518,0.309589041,0.450199203
auc,acc,mcc,CK,Recall,Precision,F1_score
0.983953951,0.981294237,0.523601247,0.463925228,0.868421053,0.323529412,0.471428571
