auc_train,acc_train,mcc_train,CK_train,Recall_train,Precision_train,F1_score_train
0.830062336,0.821169146,0.31809021,0.280991245,0.25803649,0.622641509,0.364864865
auc,acc,mcc,CK,Recall,Precision,F1_score
0.671206456,0.788381743,0.183049536,0.168009206,0.204225352,0.420289855,0.274881517
