auc_train,acc_train,mcc_train,CK_train,Recall_train,Precision_train,F1_score_train
0.847249047,0.755793843,0.450961927,0.414864654,0.797567333,0.43776824,0.565270936
auc,acc,mcc,CK,Recall,Precision,F1_score
0.689469649,0.68879668,0.245836562,0.229390002,0.577464789,0.331983806,0.42159383
