auc_train,acc_train,mcc_train,CK_train,Recall_train,Precision_train,F1_score_train
0.730024177,0.654444829,0.272805185,0.237450991,0.692441355,0.326505531,0.44376392
auc,acc,mcc,CK,Recall,Precision,F1_score
0.709760066,0.656293223,0.256215336,0.225417814,0.661971831,0.319185059,0.43069874
