auc,acc,mcc,CK,Recall,Precision,F1_score,auc_train,acc_train,mcc_train,CK_train,Recall_train,Precision_train,F1_score_train
0.722993079,0.809128631,0.243599733,0.210473839,0.204225352,0.537037037,0.295918367,0.999909667,0.994638533,0.983156388,0.983014555,0.973066898,1,0.986349626
,,,,,,,0.722993079,0.809128631,0.243599733,0.210473839,0.204225352,0.537037037,0.295918367
