auc_train,acc_train,mcc_train,CK_train,Recall_train,Precision_train,F1_score_train
0.912044981,0.824534161,0.647060985,0.647032575,0.806020067,0.814189189,0.810084034
auc,acc,mcc,CK,Recall,Precision,F1_score
0.828624079,0.759259259,0.520465677,0.518518519,0.783783784,0.716049383,0.748387097
