auc_train,acc_train,mcc_train,CK_train,Recall_train,Precision_train,F1_score_train
0.999992441,0.998058252,0.996115611,0.996108067,1,0.995934959,0.99796334
auc,acc,mcc,CK,Recall,Precision,F1_score
0.828009828,0.783950617,0.570033837,0.567901235,0.810810811,0.740740741,0.774193548
