auc_train,acc_train,mcc_train,CK_train,Recall_train,Precision_train,F1_score_train
0.983641123,0.937888199,0.875842041,0.87541713,0.949832776,0.919093851,0.934210526
auc,acc,mcc,CK,Recall,Precision,F1_score
0.839527027,0.783950617,0.578047384,0.570649705,0.851351351,0.724137931,0.782608696
