auc_train,acc_train,mcc_train,CK_train,Recall_train,Precision_train,F1_score_train
0.922345015,0.813664596,0.647372546,0.631336406,0.919732441,0.741239892,0.820895522
auc,acc,mcc,CK,Recall,Precision,F1_score
0.831388206,0.790123457,0.609023521,0.586858686,0.918918919,0.708333333,0.8
