auc,acc,mcc,CK,Recall,Precision,F1_score,auc_train,acc_train,mcc_train,CK_train,Recall_train,Precision_train,F1_score_train
0.85127457,0.796296296,0.594817917,0.592592593,0.824324324,0.75308642,0.787096774,0.999995153,0.998447205,0.996882647,0.996877788,0.996655518,1,0.998324958
,,,,,,,0.85127457,0.796296296,0.594817917,0.592592593,0.824324324,0.75308642,0.787096774
