auc_train,acc_train,mcc_train,CK_train,Recall_train,Precision_train,F1_score_train
0.996379235,0.982919255,0.965682739,0.965640339,0.976588629,0.986486486,0.981512605
auc,acc,mcc,CK,Recall,Precision,F1_score
0.83737715,0.783950617,0.572350168,0.568821293,0.824324324,0.734939759,0.777070064
