auc,acc,mcc,CK,Recall,Precision,F1_score,auc_train,acc_train,mcc_train,CK_train,Recall_train,Precision_train,F1_score_train
0.7115384615384615,0.8,0.19205531989934396,0.15584415584415579,0.9615384615384616,0.819672131147541,0.8849557522123893,0.9149786780383795,0.8521400778210116,0.5151728950331724,0.4352301642377978,0.9950248756218906,0.8438818565400844,0.9132420091324202
