auc,acc,mcc,CK,Recall,Precision,F1_score,auc_train,acc_train,mcc_train,CK_train,Recall_train,Precision_train,F1_score_train
0.7263313609467454,0.8615384615384616,0.5151221963699317,0.4943820224719101,0.9615384615384616,0.8771929824561403,0.9174311926605504,1.0,1.0,1.0,1.0,1.0,1.0,1.0
