auc,acc,mcc,CK,Recall,Precision,F1_score,auc_train,acc_train,mcc_train,CK_train,Recall_train,Precision_train,F1_score_train
0.75,0.8307692307692308,0.4264014327112209,0.42105263157894735,0.9230769230769231,0.8727272727272727,0.897196261682243,0.959132906894101,0.9299610894941635,0.7920398202869879,0.7918279182791828,0.9601990049751243,0.9507389162561576,0.9554455445544553
