auc,acc,mcc,CK,Recall,Precision,F1_score,auc_train,acc_train,mcc_train,CK_train,Recall_train,Precision_train,F1_score_train
0.6568047337278107,0.8307692307692308,0.39804896992221994,0.3820224719101124,0.9423076923076923,0.8596491228070176,0.8990825688073394,1.0,1.0,1.0,1.0,1.0,1.0,1.0
