auc,acc,mcc,CK,Recall,Precision,F1_score,auc_train,acc_train,mcc_train,CK_train,Recall_train,Precision_train,F1_score_train
0.9154878966175009,0.9941860465116279,0.6347874243811807,0.6074855052457206,0.47368421052631576,0.8571428571428571,0.6101694915254237,0.9905760029632635,0.9947544713391898,0.6310549073289671,0.5966719908997687,0.45255474452554745,0.8857142857142857,0.5990338164251208
