auc,acc,mcc,CK,Recall,Precision,F1_score,auc_train,acc_train,mcc_train,CK_train,Recall_train,Precision_train,F1_score_train
0.9873827946589291,0.9946916076845298,0.6704530833905821,0.6416172004417449,0.5,0.9047619047619048,0.6440677966101696,0.9903312008407296,0.9945489018802338,0.6413090203142064,0.6032836447311882,0.452991452991453,0.9137931034482759,0.6057142857142858
