auc,acc,mcc,CK,Recall,Precision,F1_score,auc_train,acc_train,mcc_train,CK_train,Recall_train,Precision_train,F1_score_train
0.9730494881921496,0.9924165824064712,0.5804316428818114,0.5795187211246846,0.5526315789473685,0.6176470588235294,0.5833333333333334,0.9999734758131991,0.9996208051570499,0.978608962037443,0.9783802272606165,1.0,0.958041958041958,0.9785714285714286
