auc,acc,mcc,CK,Recall,Precision,F1_score,auc_train,acc_train,mcc_train,CK_train,Recall_train,Precision_train,F1_score_train
0.9839539507267403,0.9812942366026289,0.5236012472757895,0.4639252281683538,0.868421052631579,0.3235294117647059,0.4714285714285715,0.9854503201981217,0.9825570372242938,0.49912439891974014,0.4431885409101666,0.8248175182481752,0.3095890410958904,0.45019920318725104
