auc,acc,mcc,CK,Recall,Precision,F1_score,auc_train,acc_train,mcc_train,CK_train,Recall_train,Precision_train,F1_score_train
0.904244244,0.995955511,0.768120726,0.76269458,0.684210526,0.866666667,0.764705882,0.999998604,0.999873602,0.992610616,0.992583315,0.98540146,1,0.992647059
,,,,,,,0.904244244,0.995955511,0.768120726,0.76269458,0.684210526,0.866666667,0.764705882
