auc,acc,mcc,CK,Recall,Precision,F1_score,auc_train,acc_train,mcc_train,CK_train,Recall_train,Precision_train,F1_score_train
0.9716322774777679,0.9929221435793731,0.6376676996550341,0.6374538503835983,0.6578947368421053,0.625,0.6410256410256411,0.9999390409040187,0.9984832206281995,0.9217536160865877,0.9187025008884341,1.0,0.8509316770186336,0.9194630872483222
