auc,acc,mcc,CK,Recall,Precision,F1_score,auc_train,acc_train,mcc_train,CK_train,Recall_train,Precision_train,F1_score_train
0.8180483246562542,0.9307692307692308,0.6723659226367112,0.6705617344783894,0.9691629955947136,0.9523809523809523,0.9606986899563319,0.9867463943384395,0.9556412729026037,0.7738791177495933,0.77,0.985792349726776,0.9647058823529412,0.9751351351351351
