auc,acc,mcc,CK,Recall,Precision,F1_score,auc_train,acc_train,mcc_train,CK_train,Recall_train,Precision_train,F1_score_train
0.8989454011480442,0.9307692307692308,0.695909122800525,0.6955107351984384,0.9559471365638766,0.9644444444444444,0.9601769911504425,0.9997850040311743,0.9903567984570878,0.9561074281383939,0.9551451187335093,0.9890710382513661,1.0,0.9945054945054945
