auc,acc,mcc,CK,Recall,Precision,F1_score,auc_train,acc_train,mcc_train,CK_train,Recall_train,Precision_train,F1_score_train
0.8859965291683354,0.8846153846153846,0.5843961661225421,0.5687271923034392,0.8986784140969163,0.966824644549763,0.9315068493150683,0.9702768073098629,0.9344262295081968,0.7280064063379198,0.7199612403100775,0.9431693989071038,0.981797497155859,0.9620958751393534
