auc,acc,mcc,CK,Recall,Precision,F1_score,auc_train,acc_train,mcc_train,CK_train,Recall_train,Precision_train,F1_score_train
0.921706047256708,0.926923076923077,0.6242628701357192,0.5907886017229953,0.9911894273127754,0.9297520661157025,0.9594882729211087,0.9998477111887485,0.9951783992285439,0.9766290738177351,0.9763560500695411,1.0,0.9945652173913043,0.9972752043596731
