auc,acc,mcc,CK,Recall,Precision,F1_score,auc_train,acc_train,mcc_train,CK_train,Recall_train,Precision_train,F1_score_train
0.9305833667067147,0.9346153846153846,0.6940745204839224,0.6930555555555555,0.9691629955947136,0.9565217391304348,0.962800875273523,0.9974917136970349,0.9932497589199615,0.9687627635234873,0.9682751266328979,0.9923497267759562,1.0,0.9961601755348327
