auc,acc,mcc,CK,Recall,Precision,F1_score,auc_train,acc_train,mcc_train,CK_train,Recall_train,Precision_train,F1_score_train
0.6712064556010764,0.7883817427385892,0.18304953628055384,0.1680092059838897,0.20422535211267606,0.42028985507246375,0.27488151658767773,0.8300623363008441,0.8211691456243514,0.3180902104512088,0.2809912445421203,0.2580364900086881,0.6226415094339622,0.36486486486486486
