auc_train,acc_train,mcc_train,CK_train,Recall_train,Precision_train,F1_score_train
0.914119188,0.872648649,0.612581192,0.612453748,0.704135737,0.681724846,0.692749087
auc,acc,mcc,CK,Recall,Precision,F1_score
0.689633282,0.773858921,0.259361591,0.258944999,0.38028169,0.416988417,0.397790055
