auc,acc,mcc,CK,Recall,Precision,F1_score,auc_train,acc_train,mcc_train,CK_train,Recall_train,Precision_train,F1_score_train
0.6894696492206249,0.6887966804979253,0.24583656207829588,0.2293900018474745,0.5774647887323944,0.3319838056680162,0.4215938303341903,0.8472490474704805,0.7557938429609132,0.4509619265596801,0.4148646543070481,0.7975673327541268,0.43776824034334766,0.5652709359605912
