auc,acc,mcc,CK,Recall,Precision,F1_score,auc_train,acc_train,mcc_train,CK_train,Recall_train,Precision_train,F1_score_train
0.7097600664226321,0.6562932226832642,0.25621533632516236,0.2254178136377648,0.6619718309859155,0.31918505942275044,0.4306987399770905,0.7300241769617775,0.6544448287789693,0.2728051854669228,0.23745099097926425,0.6924413553431799,0.3265055305202786,0.4437639198218263
