auc,acc,mcc,CK,Recall,Precision,F1_score,auc_train,acc_train,mcc_train,CK_train,Recall_train,Precision_train,F1_score_train
0.7229930789556616,0.8091286307053942,0.243599733498511,0.2104738391415819,0.20422535211267606,0.5370370370370371,0.29591836734693877,0.9999096670513243,0.9946385333794535,0.9831563881388725,0.9830145549728495,0.9730668983492615,1.0,0.9863496257155439
