auc_train,acc_train,mcc_train,CK_train,Recall_train,Precision_train,F1_score_train
0.927715162,0.812694569,0.581493291,0.541482138,0.90356212,0.516898608,0.657603541
auc,acc,mcc,CK,Recall,Precision,F1_score
0.709713098,0.696403873,0.261095944,0.244298255,0.588028169,0.341513292,0.432082794
