auc,acc,mcc,CK,Recall,Precision,F1_score,auc_train,acc_train,mcc_train,CK_train,Recall_train,Precision_train,F1_score_train
0.8097515282981659,0.7576875768757687,0.5037065907104704,0.5029991776698577,0.6903409090909091,0.7341389728096677,0.7115666178623719,0.9999996950178109,0.9996150885296382,0.9992078641552156,0.9992075504157157,0.9990740740740741,1.0,0.999536822603057
