auc,acc,mcc,CK,Recall,Precision,F1_score,auc_train,acc_train,mcc_train,CK_train,Recall_train,Precision_train,F1_score_train
0.8013027509366988,0.7355473554735548,0.46730456524120595,0.46625362228118983,0.7329545454545454,0.6807387862796834,0.7058823529411764,0.8377212615796621,0.7638546798029556,0.5187813257895648,0.5180054158260063,0.7473997028231798,0.7020237264480111,0.7240014393666787
