auc,acc,mcc,CK,Recall,Precision,F1_score,auc_train,acc_train,mcc_train,CK_train,Recall_train,Precision_train,F1_score_train
0.7751737822914613,0.7207872078720787,0.42940857550437866,0.42924430561783855,0.6619318181818182,0.6832844574780058,0.6724386724386724,0.8047376813020781,0.7469211822660099,0.47746616369765166,0.47742756794590946,0.687221396731055,0.6975867269984917,0.6923652694610778
