auc,acc,mcc,CK,Recall,Precision,F1_score,auc_train,acc_train,mcc_train,CK_train,Recall_train,Precision_train,F1_score_train
0.832632863340564,0.7749077490774908,0.541730867918795,0.5417291692976809,0.7414772727272727,0.7393767705382436,0.7404255319148935,0.9505285356932486,0.8811576354679803,0.7555414401891934,0.75551173486262,0.861812778603269,0.8529411764705882,0.8573540280857354
